seq,log_count,activation,channel_name,channel,mean_count,median_count,Pearson_r,spearman_r,channel_id,Query_consensus
TTACTGCAACATATGCCCTCTCTGTTGCACACAAACAGGTTTAGTCTACAGTTTCACTATGTTTACTCTCCACTGTTTCACTAGGGAGACCTAGCCACC,3.6109179126442243,1.7027532,252,252,4.3093443536973375,4.5217885770490405,-0.174,-0.112,252,AUCAAUGUG
GAGGAGGAACCCGAGCAGCAGCGGCGGCGGCGGCGGCCGCGGCGGCGGGAGCCCCCCAGGAGGAGGACCGGGATCCATGTGTCTTTCCTGCTAGCCACC,4.553876891600541,1.8444934,252,252,4.3093443536973375,4.5217885770490405,-0.174,-0.112,252,AUCAAUGUG
TTTAAAACTCTGCCTTGCCAGAGGAGATGTTTATCTAGTGAAAAACCAGTGATCCTGTCTAAGCTGATCGTTTCACGTATTGGCCTCTCACTAGCCACC,4.442651256490317,1.634901,252,252,4.3093443536973375,4.5217885770490405,-0.174,-0.112,252,AUCAAUGUG
TCTTAGAAACCTGGGTTGATTTCCCCGCCATGAAACCAACCCCTAGGGACAGTTTCTTTACCCAAGATGCATACAGGGAGCGCGACATACCTAGCCACC,3.332204510175204,1.7215768,252,252,4.3093443536973375,4.5217885770490405,-0.174,-0.112,252,AUCAAUGUG
TCATGTTGGTATGCTATACAGAATTTTTACTTCATAGTCAATGTGCACATTTTTTGTTAGAAATCAAAGTGGCGTGATAGATGTCTTAGGCTAGCCACC,4.330733340286331,1.9125079,252,252,4.3093443536973375,4.5217885770490405,-0.174,-0.112,252,AUCAAUGUG
TCAGCAGCTTTTTGTGGTTCATAAATATTCTTTGTAACTTTCATTTCACATGTATCATTCTTTGTTCCCAAGTGTCTTTATTTTTCTTCACTAGCCACC,4.007333185232471,1.6501719,252,252,4.3093443536973375,4.5217885770490405,-0.174,-0.112,252,AUCAAUGUG
TCAAGAGCATAACGTGCTCAATCCATCCATGTGAAGTACTATTCGTGTCAAGTAAAGTAATTCTGGATTGATATACTTCTGGAGTCTGTGCTAGCCACC,4.553876891600541,1.8444934,252,252,4.3093443536973375,4.5217885770490405,-0.174,-0.112,252,AUCAAUGUG
TATTTTCCCCAGAGCGGCTTTGTCTTTGGATTTAGCGTTTCAGAATTGCAATTCCAAAATGTGTAAGACGGGATATTCTCTTCTGTGCTGCTAGCCACC,3.4657359027997265,1.8043581,252,252,4.3093443536973375,4.5217885770490405,-0.174,-0.112,252,AUCAAUGUG
GTGGCCTTAGTTTCTAATGAATATGATAATCAGCTACATCTGGGAAGAAAGCGACGAAGGCTGCTTGGAGGGCGTTAGACTCCGGCGTTGCTAGCCACC,4.6443908991413725,1.7439182,252,252,4.3093443536973375,4.5217885770490405,-0.174,-0.112,252,AUCAAUGUG
GGATCTCTAGTGAGTAATCATAAATCTTCCTCCCTACCCCCAACAACGATCCATGTTTTTCTGTTTTTTGTTTGTTTGTTTGTTCTGGAACTAGCCACC,3.6888794541139363,1.6428819,252,252,4.3093443536973375,4.5217885770490405,-0.174,-0.112,252,AUCAAUGUG
GGACACCAAGAAATGAAGCTCTTTATCCATGTCCTCACTTCATCTCCTCAGTAGTCCCCTCAGATAGCTGGGGTAAAAAAACTTATCTTTCTAGCCACC,3.4011973816621555,1.7026238,252,252,4.3093443536973375,4.5217885770490405,-0.174,-0.112,252,AUCAAUGUG
GCGACTCACCCGGAAGGAGAAGCCGTGATCTGGCTATATGGTGGGGCGCGGGCGGTGTCGCTGTGGGGAGCTGGTGCTGTTCTCAGATGTCTAGCCACC,5.030437921392435,1.7969971,252,252,4.3093443536973375,4.5217885770490405,-0.174,-0.112,252,AUCAAUGUG
GCATGCGCCTCTGTGCGTTTGTCCCATGCTGGTTCCGTGAGTCTGGCCTTAGGTGTCTCGTGTCTGGGGTTGATCCGAGCTGTCGCCGCCCTAGCCACC,3.9889840465642745,1.9766407,252,252,4.3093443536973375,4.5217885770490405,-0.174,-0.112,252,AUCAAUGUG
GCAGTTCTACAATCTATTTGTGACGTCAATATGTGCATATCCCACTGCTTAAGAACAGCCATATTCTGGTACGACATGCTGCTCCCTATTCTAGCCACC,4.983606621708336,1.9288276,252,252,4.3093443536973375,4.5217885770490405,-0.174,-0.112,252,AUCAAUGUG
GCAGCTCTACGGGACTAAGGGCCTGTTCTGGCCCTCCTTCATCCATGTTTGGCCTCGGTGCAGGGAAACTAGAGTCTTGCTGTGACCGACCTAGCCACC,3.9512437185814275,1.6428819,252,252,4.3093443536973375,4.5217885770490405,-0.174,-0.112,252,AUCAAUGUG
GTCAAACGGGACATGGCATTTTATGTATGGACAGGCATGTCCGTGTTATACAATTTACAGTGAGCATCTAAAAACTGCTACCAGAAATATCTAGCCACC,3.8918202981106265,1.9316536,252,252,4.3093443536973375,4.5217885770490405,-0.174,-0.112,252,AUCAAUGUG
GAGCTCGACATCAGCTCCTTAAGCTTCACATTACACTAGAAGGAATTTATCTTTTCCTCCATGTAAAACGTCTCCGAATCTGCCTCTCACCTAGCCACC,4.77912349311153,1.6659715,252,252,4.3093443536973375,4.5217885770490405,-0.174,-0.112,252,AUCAAUGUG
CAATGTGTATAATCATGGAATCTCCTTGCTAACCATCACCACCAGCTCTCCTTAATACATGAGCAAGAGTGGGTCAGGGGAGAAGGAAAACTAGCCACC,4.68213122712422,1.8297443,252,252,4.3093443536973375,4.5217885770490405,-0.174,-0.112,252,AUCAAUGUG
CTCAATATGTGTCCGGGATGAAGATAAATCCACTTAGTATTACACTCAGAATGACTTTTAATCAGTTAGGGAGGTACATGCGGAGTTTAACTAGCCACC,4.8283137373023015,1.8485395,252,252,4.3093443536973375,4.5217885770490405,-0.174,-0.112,252,AUCAAUGUG
AACGAGACTAGAGTCCTACCCTCCTAAGGTAGAGTGCGGCGTAACTGTCCCAAAATTAATACTGCTCGGACGCCTTTATCTTAGCGATGTCTAGCCACC,4.836281906951478,1.6779402,252,252,4.3093443536973375,4.5217885770490405,-0.174,-0.112,252,AUCAAUGUG
AAGCACATCCCCACCAAAATACTCATCTAGGTTGGCCGCGCTGAACGTCAGGGTCAATATGCCCTACACCTTTGCTACTGAGATGCAGACCTAGCCACC,4.700480365792417,1.9288276,252,252,4.3093443536973375,4.5217885770490405,-0.174,-0.112,252,AUCAAUGUG
AAGTAATCCACTAACAACCAGTTCCAAATTCTGTCATCAAATCCTGTGCTGCTGTTCCTCGTGGTAATAGATGCATATTATTTCTTTTATCTAGCCACC,3.4339872044851463,1.7215768,252,252,4.3093443536973375,4.5217885770490405,-0.174,-0.112,252,AUCAAUGUG
AGGAAAAATACATAGATGCAGCCTTGCAGCCTCTCCAGATGTTTGGGGATAATATTCCAGATAGAAATATTGATCCCTTGGATTAGGTAACTAGCCACC,3.58351893845611,1.7492211,252,252,4.3093443536973375,4.5217885770490405,-0.174,-0.112,252,AUCAAUGUG
AGCCCACGCCCAGGTGGGCTCTTCTGAGTGGAGTTTACAGTGATGTGTGGAGGAGCACCTGGTGACCAAACGGTCGCTTTATCTCTGCGTCTAGCCACC,5.323009979138408,1.6434578,252,252,4.3093443536973375,4.5217885770490405,-0.174,-0.112,252,AUCAAUGUG
CAGAACCTGGAGCCGGGGGCGGGGCTCTGGGCGGGACTCAGCGGCGCCCCGGATGCAGATGCTTCCTGCGTCCCGGAAGCGCCCGCGGGGCTAGCCACC,4.9487598903781675,1.6543369,252,252,4.3093443536973375,4.5217885770490405,-0.174,-0.112,252,AUCAAUGUG
CATTGCTATGCACTCATTCATTATGCAGGAAACATTTAGTAATTTCAACATAAATATGGGACTCTGACGTTCTCCTCTTCATTTTGCAGACTAGCCACC,3.8918202981106265,1.7115883,252,252,4.3093443536973375,4.5217885770490405,-0.174,-0.112,252,AUCAAUGUG
CCCCGCCCACCGGCAGCCCGGCCACGACCCAAGCGGAGGCCGCGCCGACGCCTGCGCAATGTATGCGGAGAGCCACCACCGCCTCCGGTCCTAGCCACC,4.5217885770490405,2.0103319,252,252,4.3093443536973375,4.5217885770490405,-0.174,-0.112,252,AUCAAUGUG
CCCGCTAGCAATTATGGTATGAACATCACATGCCACTCTAAGCGCCACGAGTTTGGAAGTCATCTCAGAAGGAGAAGGCAGCGCGAGACACTAGCCACC,4.9487598903781675,1.677024,252,252,4.3093443536973375,4.5217885770490405,-0.174,-0.112,252,AUCAAUGUG
CCTCTGGAATCACCGGCAAGAACGCTGCTCTTTTGAACGACGGAACCGCAATCATAATGGACATGCCCAAGAGTTATTGGCCTCTTACTTCTAGCCACC,4.61512051684126,1.8952873,252,252,4.3093443536973375,4.5217885770490405,-0.174,-0.112,252,AUCAAUGUG
GGCGGGGCTCCTGGAAATAAAGACTCCGAGAGGCGGTGCGGCGAGAGGAGGGGCGGAAGTGACGTCGTGTGGGGCGGGTCCGACCGCGCACTAGCCACC,3.713572066704308,1.1165045,156,156,4.290428867602602,4.416220895792912,-0.076,-0.116,156,CAAGAGAGG
CAAGCACGCTCGCTTCTCATCACGCGACCAAGAGAACACTTTACTAACATCATTCTACTCAGATCTATCAAAGTCCATCAGAGCCTAGCCCTAGCCACC,4.48863636973214,1.1114134,156,156,4.290428867602602,4.416220895792912,-0.076,-0.116,156,CAAGAGAGG
GCTCGGTGTTCTGCCCGTTGTGTCTTACGCTCCAGGTGCTGGTCTACGCGGGCCTGGACAGTCAGGGGTAGGAGCGGGAGCCGAGAGGAGCTAGCCACC,5.043425116919247,1.094909,156,156,4.290428867602602,4.416220895792912,-0.076,-0.116,156,CAAGAGAGG
GCGTAAGGTAGCAAGTGGTGCGTCGGGCGCGGTACCAACGAGAGGCCTTGAAAACGCTGCGGCAAGGCCTGGTGGTGCAGCGACTGTAACCTAGCCACC,4.976733742420574,1.2024292,156,156,4.290428867602602,4.416220895792912,-0.076,-0.116,156,CAAGAGAGG
CTTTCCTAGAATCCAGCCCAAGGAGGCCCCAAGCAGGAGGAGGGGTTTCCTTCTGGGGTTGGACTCCCTTGGTCTTGAAGCTGGAGAGCTCTAGCCACC,4.343805421853684,1.1165045,156,156,4.290428867602602,4.416220895792912,-0.076,-0.116,156,CAAGAGAGG
CGCCGCCATATTCCCGGTAACGGGGGCGCGCGGTCGGGGGCAGGTTGGGCCGGAAGAGGGGTCCGGGCCGGCACTGAGGCGGGAAGGGGGCTAGCCACC,3.58351893845611,1.1670972,156,156,4.290428867602602,4.416220895792912,-0.076,-0.116,156,CAAGAGAGG
CCTCTTGTCTTGTCGGGCGCGAAAAACGCGGGCCGTCAGTTCTACGCTTGGGCTCCGAGTGGCCCTGGTTGCACAATGTGAGAGATAAAGCTAGCCACC,3.4011973816621555,1.1353117,156,156,4.290428867602602,4.416220895792912,-0.076,-0.116,156,CAAGAGAGG
AGGAAAGGAAAGAGCAAAGGAGGGGAAAGATTCTCCGCCGTTTATTGTGGCCCCGACAGGGCTCTAGGAAGTAATTTAAGTGCACAAGACCTAGCCACC,3.5263605246161616,1.1728144,156,156,4.290428867602602,4.416220895792912,-0.076,-0.116,156,CAAGAGAGG
CAACGAATAACAGTAACTTCCTCCAAGTAGACGTCCTCTCCAAACAGTTCGGAAACAGGGCGTCCCTCCTGCTGTGAAAGAGCAAGGTTACTAGCCACC,4.736198448394496,1.1728144,156,156,4.290428867602602,4.416220895792912,-0.076,-0.116,156,CAAGAGAGG
ATTCAAGCGACCAAGCGCTCCAGCTCTTTTCCTCATCTAGTCATAGTTAGAATAAGAAAGTATTCTTATAACAACTGCTAAAAGAGCCCTCTAGCCACC,3.7376696182833684,1.0863605,156,156,4.290428867602602,4.416220895792912,-0.076,-0.116,156,CAAGAGAGG
ATCGTGCCTGGCTCACATAAGCGCTTCCTGGAAGTGAAGTCGTGCTGTCCTGAACGCGGGCCAGGCAGCTGCGGCCTGGGGGTTTTGGAGCTAGCCACC,5.204006687076795,1.1353117,156,156,4.290428867602602,4.416220895792912,-0.076,-0.116,156,CAAGAGAGG
AGGCGGTGGCGAAGAGACGCCGAGCGGGCCGAGTGCGGCCGAGCAAAGCCGGAGCCGGAGCGGGGCCGCAGGAGACGGGCCGGGTCCGGACTAGCCACC,3.5553480614894135,1.0847508,156,156,4.290428867602602,4.416220895792912,-0.076,-0.116,156,CAAGAGAGG
AGGAGTCCCACGCGCAAGTAGGTGCGTACCAGCAGGCGGCTTTCGGCAAGTCAGAGGTATACCCTAGCTTCCCGGCTCAGACGTCTTTTCCTAGCCACC,5.170483995038151,1.1393049,156,156,4.290428867602602,4.416220895792912,-0.076,-0.116,156,CAAGAGAGG
TTTCGCTCGTGTCCCGCCGGGTGGCGCTCACCACCTCCCCGGAACACGCGAGTCTCCTGTCGCGGTTCCGGTCGGAATTACCCCGTGGAGCTAGCCACC,3.58351893845611,1.078538,156,156,4.290428867602602,4.416220895792912,-0.076,-0.116,156,CAAGAGAGG
GTGGACGGCGGTCAGAGCCGAACGCGAGGGCGGCGCCCGGGGACTGGAGCTGCGCGCAATAGGACAGCTGGCCTGAAGCTCAGAGCCGGGCTAGCCACC,5.093750200806762,1.1647958,156,156,4.290428867602602,4.416220895792912,-0.076,-0.116,156,CAAGAGAGG
ACGCGCTGACGCGGGGCGGGGGGGGGTGGGACGTGGGGGCGCGGTCCAGAGGAGGGGACGCGCGCAGATGACGTGCGGCTCGTGGGGCAGCTAGCCACC,4.48863636973214,1.1165045,156,156,4.290428867602602,4.416220895792912,-0.076,-0.116,156,CAAGAGAGG
CGGGCTGTGGCTGCGGGGAGTGGCGGTGGATGGGAGGGGAGCAGGCCTGACTTATGGTGGGGACCCCTTGCCTCACTCTGCTTTCTGCCCCTAGCCACC,4.394449154672439,1.1612828,5,5,4.288749842744795,4.394449154672439,-0.048,-0.014,5,UGCGGGAAU
CCAGCCGCCGCGCCCGCTACCCGGAGTCTGAGGACGGGTGTCCAGGGACGGAGAGGCAGGTGAGAGGGAGGTGGCTAAGCTGGCTATGGTCTAGCCACC,4.962844630259907,1.0295238,5,5,4.288749842744795,4.394449154672439,-0.048,-0.014,5,UGCGGGAAU
AGTCTGACGCGACAGATTGCGTCACTTCCGCCCCCTCCTGGGAGGCGGCGCTGGGCCGGTGGCAAGCCCCCGGAGGGAGCCGCAGTAGTACTAGCCACC,3.6109179126442243,1.2626452,5,5,4.288749842744795,4.394449154672439,-0.048,-0.014,5,UGCGGGAAU
ACACGCTCCGCGGCTGGGGAACCTGATGAGAATGGCCTTAAGATTAGATGGTTTACCAGGTGAGGCTCACTAAGGCCAACAGGGCTGTCTCTAGCCACC,4.6913478822291435,1.294625,5,5,4.288749842744795,4.394449154672439,-0.048,-0.014,5,UGCGGGAAU
TCTCCTGGCATCCTCGGGGCCGCAGGAAGGAAGAGGAGGCAGCGGCCGGAGCCCTGGTGGGCGGCCTGAGGTGAGAGCCCGACCGGCCCCCTAGCCACC,3.784189633918261,1.0216974,5,5,4.288749842744795,4.394449154672439,-0.048,-0.014,5,UGCGGGAAU
CTCAAAATGCTGAACTGCTCTTTGGAAGTCGCCGGTGCTGTTGTAGTTGGAGTCTGTTCACGGGCCTGAGCTTCGAGGCCAGGCTCCCGGCTAGCCACC,3.871201010907891,1.8343004,148,148,4.316695076636263,4.330733340286331,-0.137,-0.05,148,GACAUGAUG
GGGGGAGCCCAAAAGACCGGCTGCCGCCTGCTCCCCGGAAAAGGGCACTCGTCTCCGTGGGTGTGGCGGAGCGCGCGGTGCATGGAATGGCTAGCCACC,4.1588830833596715,1.7618866,148,148,4.316695076636263,4.330733340286331,-0.137,-0.05,148,GACAUGAUG
GGCTGCGAGTTGGGGATAGGGTTTCTCTTTGGGGGCGTGGCTTATGGAACCTCGTTTTCCCGCCGACGGTTGGCCACGTCACGTGACATGCTAGCCACC,4.997212273764115,1.4954492,148,148,4.316695076636263,4.330733340286331,-0.137,-0.05,148,GACAUGAUG
GGAAGTGATGAAGTCATGAGGGCTTCACCCTTATGAGTGGAATTAGTGCCCTTATAAAAGAGGTTGAAGGGAGCACCCTGGACCCTTTCTCTAGCCACC,4.564348191467836,1.6420524,148,148,4.316695076636263,4.330733340286331,-0.137,-0.05,148,GACAUGAUG
GGAAGAAAATATTCCATCTGTAGTTATGAAATGTAACAGGTTTGTCTTGTGGCTCTAATAAATCTTTGGTCTGTGTCCATAGGTTCTTGACTAGCCACC,3.713572066704308,2.1319566,148,148,4.316695076636263,4.330733340286331,-0.137,-0.05,148,GACAUGAUG
CTCCTCCGCTATAAGACAATGAAGCAAGGATTGGGATAATCGCGCCACGCGATTTTTTTCGTCACCTTGAGTACAATTTGCTTCTAAGCTCTAGCCACC,4.007333185232471,1.7570039,148,148,4.316695076636263,4.330733340286331,-0.137,-0.05,148,GACAUGAUG
CCGCCCGATGTCCTCAAAATGGAGGCAGCGGGGGCGGCGGCGTGAAGAAAGCGGCGCTGTGGGCGCGGGAGTAGGGGCCCGGGCGGAGGCCTAGCCACC,4.330733340286331,1.8343004,148,148,4.316695076636263,4.330733340286331,-0.137,-0.05,148,GACAUGAUG
CGGGTTGATTTGAGAAACGCAAGTGGGGTCTGGAAGGACCTCTCTTGAGAGAGGAGGTCATGCTTATGTTGAGTCTTGAAGCATTAAACTCTAGCCACC,5.0369526024136295,1.469972,148,148,4.316695076636263,4.330733340286331,-0.137,-0.05,148,GACAUGAUG
GTCCGCGGTCCAGGCTGCTGCCGCGACGGGGCCGGCGGCGGGGCAGCTGCCAGGAACGAGGGTAGCAGCTGCATCCAGATCTCATTATGCCTAGCCACC,4.727387818712341,1.6306251,148,148,4.316695076636263,4.330733340286331,-0.137,-0.05,148,GACAUGAUG
CCCATCTGGCGTAGGTGTGTAGCCAATGGTCTCTCTCTTGCTTATCCTTCACTTTGGACATGATATTTGACCGGGCTGTCTCGATCAGGACTAGCCACC,5.111987788356544,1.5365539,148,148,4.316695076636263,4.330733340286331,-0.137,-0.05,148,GACAUGAUG
AGGATTCGAAACCAACAGTTGAGAACCCTATTCATTTGTCCAGTCAGAGATTTAATTGTGATATACGCACCTTCCGCACACGATGGATTTCTAGCCACC,4.59511985013459,1.5965468,148,148,4.316695076636263,4.330733340286331,-0.137,-0.05,148,GACAUGAUG
AGCAAAACAAAAAAGAGGCGAAGATCGAGTAGGAACTGCAGGGGAAATGGAAAGTCCCTGACAGGCTGGATGAAATGAGATCCCCATGTACTAGCCACC,3.8066624897703196,2.1455016,148,148,4.316695076636263,4.330733340286331,-0.137,-0.05,148,GACAUGAUG
ACTTGCTGCCTGCTGTGTCACCGGGAACGCAAAGGCTGGGAAGAAGGCCCTTCTCAAAATGGACTGGTGTTGCAGGGTGAGAAGCTGCCCCTAGCCACC,4.343805421853684,1.8343004,148,148,4.316695076636263,4.330733340286331,-0.137,-0.05,148,GACAUGAUG
GTAAAACGCGCAGGTAGTCCATTGCCCTGCGACCTAGGCTGATGTCATGCGGGGACGGAGTTCTCTACTCCAGGTCAAAAGAAACAGCTCCTAGCCACC,3.58351893845611,1.767953,148,148,4.316695076636263,4.330733340286331,-0.137,-0.05,148,GACAUGAUG
TAACAAGGCATCAGGCATTTAGATCTCCTTGCTACATCCCCGACAGCGCGACATTAGATGCTATGTTCCATCTTACGAGAACTTAAGGGGCTAGCCACC,4.04305126783455,1.8507892,148,148,4.316695076636263,4.330733340286331,-0.137,-0.05,148,GACAUGAUG
GTGATTAGGAAAAAACACCAATTTCGGAAGGGGACGGCCTCTCATGAAGTAATTTCGAGATACAATCATATTTTAGTGGCGTGTTTCCGTCTAGCCACC,4.7535901911063645,1.5568069,148,148,4.316695076636263,4.330733340286331,-0.137,-0.05,148,GACAUGAUG
TATTATCACCATAAGCTACTGAAATGTTCCAGAGATTGTCACACTAGATGTAGCAAATCCTAGTTTGGAAAAGTTAGTTATCATGCAATGCTAGCCACC,4.060443010546419,1.485215,148,148,4.316695076636263,4.330733340286331,-0.137,-0.05,148,GACAUGAUG
TCGAAGTGCTTTTTAGCTGGACATTTGCTACAAGATCCTATTGCACCCACCAACTCCACCTGCCAACATTATGTCTGCAAAACTTGTAAACTAGCCACC,4.7535901911063645,1.6505138,148,148,4.316695076636263,4.330733340286331,-0.137,-0.05,148,GACAUGAUG
TGAAGGGGTTGATGTGTTTGGGGGAGGATGGAGGCCCTGCCCCACCCTGCTCCCCACCCCAGCCTACCTGGATCATCCATGTGTGACATGCTAGCCACC,3.4339872044851463,1.4954492,148,148,4.316695076636263,4.330733340286331,-0.137,-0.05,148,GACAUGAUG
TGGACTTAGAGGGCACAGCGCTGAAAGACGTCCACACGTGGGACTCAGGCCACACAGAGGCCCAAAGTCTCATGAAGTGACTGGTCAGCCCTAGCCACC,4.736198448394496,1.5568069,148,148,4.316695076636263,4.330733340286331,-0.137,-0.05,148,GACAUGAUG
TGGGAAATAGAACCTCATACTCTATTAGCAGGCAACAAATTCCCTCACCAGACAATGTCAACTTAATAGGCGTGAAGCCGGACTTGAGATCTAGCCACC,4.343805421853684,1.475633,148,148,4.316695076636263,4.330733340286331,-0.137,-0.05,148,GACAUGAUG
TGTAGTGTCTACATCTACCTTCTGCCTTCTCTCTACCCTTTGAAAAAAAATAAATGGCATGTTTGAGAAGAGAGCTCTATTAAAAGAGGACTAGCCACC,4.219507705176107,1.7826942,148,148,4.316695076636263,4.330733340286331,-0.137,-0.05,148,GACAUGAUG
TTGAAACACATGAAATGGCTGCAGGTAGAACTTGTCTATATAGTGGAGACTATTTTGGATGAATACAAATAACTTTAATTTTTTCCCCTACTAGCCACC,3.4657359027997265,2.2055478,148,148,4.316695076636263,4.330733340286331,-0.137,-0.05,148,GACAUGAUG
TTTGCTAGACACTTTCTCACCGCTGAATATGCTAGACAATGACCTACCTGCAATATTAAGGATTTCGTGAACCTGGGTGTCCCTATTTAGCTAGCCACC,4.1588830833596715,1.5472902,148,148,4.316695076636263,4.330733340286331,-0.137,-0.05,148,GACAUGAUG
AATCTTGGCTTAGTTACGTGCTGTGTGACCTTGGGCAAGTTACTTAACCTCTCTAGGCCACAATGTCCAAGTACCTGGGACAGGGTCTGGCTAGCCACC,5.099866427824199,1.6228496,148,148,4.316695076636263,4.330733340286331,-0.137,-0.05,148,GACAUGAUG
TCTGCGTCAGCCTCTCTGGCTTTGTCTGAAGTAGTGGCCGTTTGCTGAGCGACAGGCGGAGGGACTTGTACCCCGTTTGTCCACACCATCCTAGCCACC,5.123963979403259,1.0015235,197,197,4.273241910860033,4.276666119016055,-0.453,-0.454,197,AGAUGCCGC
GGAGGTGGGGCATCCGGGTCTCTTGGTGGCTGCTTCTACCCCCGGAGCTCAGCTGATCTTCCCTTCCAGACTACGAGGTGTGAATTTCAACTAGCCACC,4.276666119016055,1.0136384,197,197,4.273241910860033,4.276666119016055,-0.453,-0.454,197,AGAUGCCGC
CTCCCACCCTCAGTCTCACCCCCGGGCTGTCTCACTCTCTGGAGCCTCTCCTTCCTGTTCTCTGTCCCCAGTGCTCCCTACCCTCACCTCCTAGCCACC,3.871201010907891,1.083166,197,197,4.273241910860033,4.276666119016055,-0.453,-0.454,197,AGAUGCCGC
AGTGGCCGTGGTGGTTGGCCGCGGTGGAGCTAGCAGGCGGGCGGGCGGGAGCGGGCGCCGGAGTGGAGAAAGGAGCCAGCGGTGGGCAGCCTAGCCACC,3.258096538021482,1.0015235,197,197,4.273241910860033,4.276666119016055,-0.453,-0.454,197,AGAUGCCGC
GAAACAAAGCTTTGGGTTGAGGGCAGAGGCGAGGAGCCAGAGAAGTGAACTCCTCCTTTCCGTGGCCGCTCTTGTCATTTTTCTCTTTTCCTAGCCACC,4.836281906951478,1.0365998,197,197,4.273241910860033,4.276666119016055,-0.453,-0.454,197,AGAUGCCGC
GGAACTAAATCAGTGTGGGGCGGAGGCCTGGAGTCAGCTCTCTTCAGACGACCTTTCTCCTGAGTAGTGTCACCCTTGTACCCTGACGGGCTAGCCACC,4.787491742782046,1.0544722,225,225,4.210486451621076,4.246859917615298,-0.168,-0.169,225,GGGGGUCCC
GGTCGCCGCCAGCTGCGAGTGGAAGTGAGCGAGGGCTAGTCCCGGACCGCCGGGCCAGGGGTCCGGCGGCAGCAGACGGGTACCGTGGCGCTAGCCACC,3.58351893845611,1.0961573,225,225,4.210486451621076,4.246859917615298,-0.168,-0.169,225,GGGGGUCCC
TGCCGGGCGTCACAGGTCCTGACAGGGAAGAAGTTGGCAGGTCCTGGCAGGGGACGAGCTGCGGCGGTGGCACCTCCGGGTGTGGAAGGCCTAGCCACC,4.634728988229636,1.0670357,225,225,4.210486451621076,4.246859917615298,-0.168,-0.169,225,GGGGGUCCC
TGCCTGGCCGTCCGGGGTCACCTCACGCCGGTTCTTCACGCTGGTGAGTTAATTCCCGCACTGTGTGTGCTCGGACAATTTCACCCGCGTCTAGCCACC,5.579729825986222,1.2384294,225,225,4.210486451621076,4.246859917615298,-0.168,-0.169,225,GGGGGUCCC
TGGCCACCGGCTCGCGGCGCGTGGAGGCTGCTCCCAGCCGCGCCCGAGTCAGACTCGGGTGGGGGTCCCGGCGGCGGTAGCGGCGGCGGCCTAGCCACC,4.418840607796598,1.1333051,225,225,4.210486451621076,4.246859917615298,-0.168,-0.169,225,GGGGGUCCC
TTCCTGCCGCGCAGAGGGGGGTCACGGTGGGATAGGTAAATGACTGAAGCCGAAGCGCTGCGCGCCTTAAGGCCTGGAACTGTCTGCCATCTAGCCACC,4.3694478524670215,1.3504212,225,225,4.210486451621076,4.246859917615298,-0.168,-0.169,225,GGGGGUCCC
TTTCCAAGGTAACCGCGCAGTAGGGCGGATCTCATTAGGCGGAAAGCGAAACCCGGAAGTGACGCTCTTACCGGGTGTCAGCAGCGAGAGCTAGCCACC,3.4657359027997265,1.1517694,225,225,4.210486451621076,4.246859917615298,-0.168,-0.169,225,GGGGGUCCC
TCACTGCATCCTCACAATAAATTTAGAAGGGCTTGTAATTTCCCCATTTTGCAGTGCCCCTGAGGCCCTCGGCTGCTGGGGTCCGTAGGACTAGCCACC,4.30406509320417,1.1112098,225,225,4.210486451621076,4.246859917615298,-0.168,-0.169,225,GGGGGUCCC
TCACGTTATTGGCTGAGAGGCCCCCAGATGGGCGGGGCCGGCCGTGGGGTTGGGGAGGGCAGGGGGCGGGGAGGAGGAGGAAGGCGCTGGCTAGCCACC,3.6635616461296463,1.2023826,225,225,4.210486451621076,4.246859917615298,-0.168,-0.169,225,GGGGGUCCC
TAGCGGGACAACTTAGGAGCGTGGGTCACTACAGAAGCCAAGCTGCTGGCAGCTCACGTGTCAGAGCTCTACACCATCGAGAGCTATCCGCTAGCCACC,4.836281906951478,1.1339929,225,225,4.210486451621076,4.246859917615298,-0.168,-0.169,225,GGGGGUCCC
GGGGGCGTGGCGGGGCGGCCGCGTCGGTTGGCGAGGTCACTGCAGGTCAGAGGTCACGAGATCAAGGATCTGGAACCCTGAGGTGTGCACCTAGCCACC,3.6888794541139363,1.2657043,225,225,4.210486451621076,4.246859917615298,-0.168,-0.169,225,GGGGGUCCC
TCCAGACAGGTGGAGAGCGGGTGAGGGTCTCGCTCGGCTTTCCCCCTGCACCTTTCCCACCCTCCCGCCCGTCCCTGGGGGTCCTCCGTCCTAGCCACC,3.7376696182833684,1.0617514,225,225,4.210486451621076,4.246859917615298,-0.168,-0.169,225,GGGGGUCCC
GGGAGCCGGATAATGGGGGGTGGGGCCCGTTGGGGGGTAAAGGGGCAATAGCGTCCTTTCACAGGCTAACCTCGGCTCTTCCCAGTCCTCCTAGCCACC,4.48863636973214,1.1485538,225,225,4.210486451621076,4.246859917615298,-0.168,-0.169,225,GGGGGUCCC
GGCGTTGCCAGGTGGGGTCACTTTATCACTTTCGGGTTACTACCAGAAAAAGACCGGACGCGACTGGCGTACTTCTCTCGAGCAACCCCGCTAGCCACC,4.127134385045092,1.3834981,225,225,4.210486451621076,4.246859917615298,-0.168,-0.169,225,GGGGGUCCC
GAGTGTCTCCGCCCTTCCCGCCTCCCGTCTCCGAGCTTCTTAAACACAGGCCTTGGGCCTACGGCTCTGGGGGTACTTGGGGGGGCGGGGCTAGCCACC,4.30406509320417,1.128342,225,225,4.210486451621076,4.246859917615298,-0.168,-0.169,225,GGGGGUCCC
GAGGCAGGACTGCCCGGCCCAGCCTTGGAGCAGCGAGGGGGTTGGGGTTGGGGCCTGAGGTGCAAGCAAGTGCTGGATCAGCTCTTGTTGCTAGCCACC,3.5553480614894135,1.169306,225,225,4.210486451621076,4.246859917615298,-0.168,-0.169,225,GGGGGUCCC
CGGCTCGACGGGGTCATCCGGGCGCAGGCGCAGTGCGGTGTTTGTCTGCCGGACTGACGGGCGGCCGGGCGGTGCGCGGCGGCGGTGGCGCTAGCCACC,4.564348191467836,1.201572,225,225,4.210486451621076,4.246859917615298,-0.168,-0.169,225,GGGGGUCCC
CCCCCACGTAGAAAAGCAACGTCGTCCTACTCAGGCAGGGGTTCTCTTCTGGGAAAGATCTAGGGGACCTCTGTCCGGAGGCCTGAAAAGCTAGCCACC,3.8501476017100584,1.1716572,225,225,4.210486451621076,4.246859917615298,-0.168,-0.169,225,GGGGGUCCC
AGCAGTGTAAGAACCTCCTTGCGAAGTACTCGTGCGAAGGTAGTTCCATCACCTGTGGGGGTCACGTCTAGCTGTTTTAGAAGTAGTTGGCTAGCCACC,4.060443010546419,1.3504212,225,225,4.210486451621076,4.246859917615298,-0.168,-0.169,225,GGGGGUCCC
TGACCACCGGCTCGCGGCGCGTGGAGGCTGCTCCCAGCCGCGCGCGAGTCAGACTCGGGTGGGGGTCCCGGCGGCGGTAGCGGCGGCGGCCTAGCCACC,4.189654742026425,1.1333051,225,225,4.210486451621076,4.246859917615298,-0.168,-0.169,225,GGGGGUCCC
TGTGGCCGGAAGCCTTAAAGTGGCCTGGTCGCCGGGGCGGGCCGTGGAGGCCGCCAGTCGCGGCGATCTTCTCCTCGCTTCTGGAGTGTTCTAGCCACC,6.0088131854425955,0.96940184,80,80,4.310459165178848,4.223599909797851,-0.187,-0.219,80,GCCGCGGUG
GTGGGCGGGAGCGGCGGAGGGAGGAGGAGGCGCTGCTTGCCGCCGCTGTTGCCTCCGCTGCTGGGCGCCGGGGCAGCTCCCCGGGTATCTCTAGCCACC,4.5217885770490405,0.9655489,80,80,4.310459165178848,4.223599909797851,-0.187,-0.219,80,GCCGCGGUG
TGTACAAAACTGAGCGGAATGGAGCTGTGAGCACGCATCAGGTGCTGTTTCAGGCCTGGCACGTAGTAGAGGTCCTCAGCCAGCAGAGCCCTAGCCACC,4.30406509320417,1.0020553,80,80,4.310459165178848,4.223599909797851,-0.187,-0.219,80,GCCGCGGUG
CTGGAGGGCCGCGGGTGCAGGCCGCAGTGACAGGGCCGCTCGCCCCGCTAGTCCTGCCTGTCTCCCGGTGCAGCTGTGTTCGCGGCCTGCCTAGCCACC,5.159055299214529,1.0693798,80,80,4.310459165178848,4.223599909797851,-0.187,-0.219,80,GCCGCGGUG
TCATTTCCTGTGCGCTGGATGCTGATTGGTCCGACAGTCGGAAGTGAGGGCGGGCGGTGGGGGCCGTTGCCGCAGTGACAGTGCTAGGGGCTAGCCACC,4.969813299576001,1.0693798,80,80,4.310459165178848,4.223599909797851,-0.187,-0.219,80,GCCGCGGUG
AGCGTGCAGCCCTGCCGCTGCGGCGGCCGCCCCGGCTCCTCGCCTCCCCCACTTCTGGCCACCCCTCGCCGGTGAGAGAAGAGAACGCGACTAGCCACC,3.4011973816621555,1.0119684,80,80,4.310459165178848,4.223599909797851,-0.187,-0.219,80,GCCGCGGUG
CCCGCAGCCTGTCAGGTGAGGCCCCGGCCTCGTGCCGTCGCTCTTCCCGCCGCACTGGGCGGCCCAGGCCGCTCCCTGCCGGGCCTCACTCTAGCCACC,3.784189633918261,1.0231208,80,80,4.310459165178848,4.223599909797851,-0.187,-0.219,80,GCCGCGGUG
CCTGCTCCCTCCCAGCGCACCTTTTCCACGACACGGATGACACCAGCGATGAGAGAGTCTCGGTCCTGATACTTCTTAGCGCTGGTGTGCCTAGCCACC,3.258096538021482,1.0302004,80,80,4.310459165178848,4.223599909797851,-0.187,-0.219,80,GCCGCGGUG
CGGGCGGCGCGCAGGGACCGCTGGGAGCGGGGCGGGCGCTCGCGTCCCTCCTTCCCTCCCCGACTGTGCGCCGCGGCTGGCTCGGGTTCCCTAGCCACC,4.442651256490317,0.9787441,80,80,4.310459165178848,4.223599909797851,-0.187,-0.219,80,GCCGCGGUG
CGGCGGCGCAGTCCCTGCGGGAGGGGCGACAAGAGCTGAGCGGCGGCCGCCGAGCGTCGAGCTCAGCGCGGCGGAGGCGGCGGCGGCCCGCTAGCCACC,3.295836866004329,1.0267608,80,80,4.310459165178848,4.223599909797851,-0.187,-0.219,80,GCCGCGGUG
GCGATCTTCGCGTCGCTCTGGGCGGGCGGCCGCGGCGCCGCGCTGGTGGGTGGGATCGTGGCGGAGCGCCAGGCGCCCAAAGAGGGGCGACTAGCCACC,4.143134726391533,1.0555094,80,80,4.310459165178848,4.223599909797851,-0.187,-0.219,80,GCCGCGGUG
GCTGCCAGTGTGAGCGGCGGTGTGAGCGCGGTGGGTGCGGAGGGGCGTGTGTGCCGGCGCGCGCGCCGTGGGGTGCAAACCCCGAGCGTCCTAGCCACC,3.970291913552122,0.9624976,80,80,4.310459165178848,4.223599909797851,-0.187,-0.219,80,GCCGCGGUG
GGCGGAGGCGGAGGCGGGAGGCGGAGCCCCGGGGTTGGGAGTGCGGGGGTCGCGGCGCAGAGTGGGAGCCGGAGAGCGAGCGCGGCTGCACTAGCCACC,3.784189633918261,0.96940184,80,80,4.310459165178848,4.223599909797851,-0.187,-0.219,80,GCCGCGGUG
GTTGTCATCCGCGGAGCGACGACCGGAGGCTGCGGCGGAGCCCCGGCGGGGCGTTTGGTTTCGGTTTGGCCCTGACTGGGATTAGTGTTGCTAGCCACC,5.303304908059076,1.0119684,80,80,4.310459165178848,4.223599909797851,-0.187,-0.219,80,GCCGCGGUG
TGGGGATCCGAGCCTCGTTGCGTCAAGTATTTGTGCGGAGGCAATTACTTTTCTCAGCGGATGTGCAGCTCGCTGTGGGGGAGACCGCCACTAGCCACC,4.795790545596741,1.0471058,229,229,4.278389577854064,4.217774601187863,-0.23,-0.26,229,CCCCGACUG
CGGGGGCCTGGGCTGCCCCTGACACCCCTTCTGGGCGATGGTGCAGCCCAAGGGCGCCTCCATCCCCCGCCGCTGCCGCTAACCCGGGTCCTAGCCACC,4.1588830833596715,1.2131793,229,229,4.278389577854064,4.217774601187863,-0.23,-0.26,229,CCCCGACUG
TTGCGAGGCATTGACCCAGGTGTCTGGAGCTTCGCACCTTGCCCCTGATCGTCGGGAGGTGGGAGCGAGTGTGTGTCACTAGGAGCAGGGCTAGCCACC,3.5553480614894135,1.1204753,229,229,4.278389577854064,4.217774601187863,-0.23,-0.26,229,CCCCGACUG
TGGATCAGAGACTGCGCCGCGTTCATTGGGCCAGAGCCTGTGTGGCTTGTGGGTGACCGGCCCCAACAGCGGCTTGTTTCAGGCACCCAACTAGCCACC,5.805134968916488,1.1009525,229,229,4.278389577854064,4.217774601187863,-0.23,-0.26,229,CCCCGACUG
GTGCGGGCGCTCAGGGAGCTGTCACCGTGGTCGGCGGCGGCGGCGGCGGCGGCGGCACAGAGCCGGTGGTGGAGCCGCCGAGGAGGGTCACTAGCCACC,4.276666119016055,1.1527873,229,229,4.278389577854064,4.217774601187863,-0.23,-0.26,229,CCCCGACUG
GCCTGAGGCCGAGTCAGCTGCGCGGGCCCCCGGATCCCCCGACAGAGCGGCGGCGGTGTCTGGCCAGGCGGTAGGCGCTGCCTGGCCGCGCTAGCCACC,4.30406509320417,1.1585296,229,229,4.278389577854064,4.217774601187863,-0.23,-0.26,229,CCCCGACUG
GCAAGCCACGCCTGGCTCAGCCCCGTCCCGCCTTGAGCCTCGGTGTTCCCACCTAGGGGCGGGCAGCCAGGGGCACTTCCGCTGGCCCAACTAGCCACC,3.5263605246161616,1.1463267,229,229,4.278389577854064,4.217774601187863,-0.23,-0.26,229,CCCCGACUG
GATCAGGGAGTATCGGCTGCGGGTGCGCAACACACCAGCTCCTTCCCCTGGCGATCAGAGTTTGCTTTGAAACGGTGGAACAGTTTTGCACTAGCCACC,3.6375861597263857,1.1349841,229,229,4.278389577854064,4.217774601187863,-0.23,-0.26,229,CCCCGACUG
CTTGGAGACCCCCTGTATCCCTCCCGCAAGGTGGAATCCGCAGGCTGGAGGCTCCCAGGGGAGGCAAACGCCTGGCCCTGCCCTGCCCCACTAGCCACC,3.9889840465642745,1.0549707,229,229,4.278389577854064,4.217774601187863,-0.23,-0.26,229,CCCCGACUG
AAGAGCTAAGGTGGCTGCAGAGGGGAGAGCGGCGCGAGCCAAGTGGGGGAGGGTGGAGGAAACCCGGGAGAAGGCTTTCTCCAGCCCCCACTAGCCACC,3.4657359027997265,1.0646293,229,229,4.278389577854064,4.217774601187863,-0.23,-0.26,229,CCCCGACUG
CGACGCTTCAATCCCGCCCCGTGACGCGTTAGGCCCTGCCCCCGGGCCATCTTCGTCTCGCGGGATCTCTCGGGAGGACGGACGGGGTCACTAGCCACC,4.672828834461906,1.1527873,229,229,4.278389577854064,4.217774601187863,-0.23,-0.26,229,CCCCGACUG
CCCCGACTCGCTTCCGTCCCGTCCGACGCTAGGGGGCGCCGCAGGCTGCCTGGCGCGCTGCTCGCGGCCTCGGAGGGCCGGGGCTGGGTGCTAGCCACC,5.153291594497778,1.1298834,229,229,4.278389577854064,4.217774601187863,-0.23,-0.26,229,CCCCGACUG
CTGCGCGGGGTGCTGAAACAGCCCGGGGAAGTAGAGCCGCCTCCGGGGAGCCCAACCAGCCGAACGCCGCCGGCGTCAGCAGCCTTGCGCCTAGCCACC,3.4339872044851463,1.1691675,139,139,4.168998588899182,4.1630163429775395,-0.131,-0.185,139,AACCGAACC
CGGGACCGGGGGGACCTGGAGGCAGAGGGGAGAACCGGCCGTCCGCGCCGCAGCACAGCCGCTGGGAGCGCCTCAGACCCCGCGCGGGGCCTAGCCACC,4.248495242049359,1.2052517,139,139,4.168998588899182,4.1630163429775395,-0.131,-0.185,139,AACCGAACC
GACAGCGGCAGCGACCCGAGGCCTGCGGCCTAGGCCTCAGCGCGGCGGCGGGCTCGAGTGCAGCGCGGAACCGGCCCGAGGGCCCTACCCCTAGCCACC,3.258096538021482,1.2544689,139,139,4.168998588899182,4.1630163429775395,-0.131,-0.185,139,AACCGAACC
GAGACTTGAAACACGGAACCGGACCTCCGCCAAGTCCTAGGTGTGAGCAACAAAGGCAGCGGGCGTCTCTGGCTCCAACCGCCATTCTGTCTAGCCACC,3.58351893845611,1.240327,139,139,4.168998588899182,4.1630163429775395,-0.131,-0.185,139,AACCGAACC
AACTGATCTCAGTGGGTTGCGAAACGACACTCGTCGAGGCTTACTGTTGGTAACCATCGTTTTAGGCGTGCCGGTCCTCTCCACAAGCTGCTAGCCACC,3.784189633918261,1.5757313,139,139,4.168998588899182,4.1630163429775395,-0.131,-0.185,139,AACCGAACC
AAGGTGCGGCCTCGCTAGCGGGAGAGGGAGCGGGATCACCGGCCCGGAGAGAGCTCTCAGGGCCAGAGCGGGGCAGGAGGATGCTTTCCCCTAGCCACC,4.07753744390572,1.1035789,139,139,4.168998588899182,4.1630163429775395,-0.131,-0.185,139,AACCGAACC
TCTGGGACTGGGTTTCTCAGGAGCAAGCTGCCCGACTTCCACCAACAGGGTCCCCTTGCTCCCCAGCACTACAGCTGATCAAAGTCAGTGCTAGCCACC,4.330733340286331,1.1252389,139,139,4.168998588899182,4.1630163429775395,-0.131,-0.185,139,AACCGAACC
GTGGTCGCTAGCCACTTAGACTAGACCAATTTTATCCCCTATAAGTGCTTCAGACTGAGCCGCTTTTTCTTCTAAAAGAGCCGTTCCTAACTAGCCACC,5.003946305945459,1.1000533,139,139,4.168998588899182,4.1630163429775395,-0.131,-0.185,139,AACCGAACC
CCGCGTCACTGTACGCTGCCCAGAAACTCTGAGGCGGATCCCCCAACCCAGTGTCAGACTGATCGCCTTTGGCCCGAGGGCGAGGAGCCACTAGCCACC,4.976733742420574,1.2741734,139,139,4.168998588899182,4.1630163429775395,-0.131,-0.185,139,AACCGAACC
CCGACGCGGCCCGCGTTGCTATTGGTGGCCGTTGGGGGCGCGGAAACTGAACGGGCCGCAACGGCCACCGCAGCTGCCTTCGGCGCCGCCCTAGCCACC,4.890349128221754,1.2783128,139,139,4.168998588899182,4.1630163429775395,-0.131,-0.185,139,AACCGAACC
AGCAGGAAGAGCAGCGGCGAGGCGGCGGTGGTGGCTGAGTCCGTGGTGGCAGAGGCGAAGGCGACAGCTCTAGGGGTTGGCACCGGCCCCCTAGCCACC,4.465908118654584,1.1035789,139,139,4.168998588899182,4.1630163429775395,-0.131,-0.185,139,AACCGAACC
TAAATGTCGGGGCTGTGCACTTTTGAATTTGTGCCCCTAGTCTGGTGAGGGGAAAAGTGCACCCCTCCTATCATCTGAGCGGATAGACATCTAGCCACC,4.820281565605037,1.1061485,139,139,4.168998588899182,4.1630163429775395,-0.131,-0.185,139,AACCGAACC
AAGTGCTGTAACACTACCAAGGTTGCCTCTCCACGAGTTGGGTACTCCTCGGGTAACCAGCGGTCCACATTGAACTCCACCCTGGGTCCTCTAGCCACC,3.828641396489095,1.2767152,139,139,4.168998588899182,4.1630163429775395,-0.131,-0.185,139,AACCGAACC
AAGGTTCGCTCCAGGGGTGTGGGGAACTGGCGCCCGGGTGCTATGCTTTAACCCCACATTGAGGCCCGAAGTGTGACGTAGCGTGACTCACTAGCCACC,3.6635616461296463,1.1942697,139,139,4.168998588899182,4.1630163429775395,-0.131,-0.185,139,AACCGAACC
GTGATGAACCGAGTGTTAAAATAAGAAAACTATATGGGCCACTGCGGGTAGGAGACACCACCCATCGATACTCGGCACAGCTGTCCGACCCTAGCCACC,3.6109179126442243,1.7479037,198,198,4.182942810003719,4.110873864173311,-0.293,-0.228,198,AAUGAUGCC
CGTGGAGCTTGCCGTCCCACCTCCGTCCAAATCGACCTTTCCTTTCTATCCCCAACCACCCCTCAACCCCTGTTTTCCCCTGCCTTCCTTCTAGCCACC,5.438079308923196,1.0629517,116,116,4.293719227757237,4.110873864173311,-0.292,-0.303,116,CGCCCGCCC
GCCCCCGGTTGCATCCTCCCGGCTCACCTTCAGCAGCCTGGGGAGGGCTGGAGTTGTTGGGATGGGCCGGACTGACCCAGGCCTCTCTGTCTAGCCACC,4.174387269895637,1.5551748,198,198,4.182942810003719,4.110873864173311,-0.293,-0.228,198,AAUGAUGCC
GCAATTGTAGACCAATTTTAGATTTATGTAGTGATGGGCCAACAGGCTATAGCATATCAAAGCTTTGCTGACCTTAATGTGCAATCCACGCTAGCCACC,3.4657359027997265,1.8864001,198,198,4.182942810003719,4.110873864173311,-0.293,-0.228,198,AAUGAUGCC
GCAACGCTGGTGCAAGGCGTTTTCAGTCGGGGAATGTGCCAGGGAAAGTCACCCTCAGAAACAGTCCCGGCCCTATGTCCAGGAGACAAGCTAGCCACC,3.5553480614894135,1.5507287,198,198,4.182942810003719,4.110873864173311,-0.293,-0.228,198,AAUGAUGCC
GATGGGCCCCTTTCCATCCGTAGAGTTGTTACTCAGCCCATATTCTTGGGAACTGGGTAGCATAGAGACGGAAATGAGGTCCCCCGGTCACTAGCCACC,4.110873864173311,1.6621255,198,198,4.182942810003719,4.110873864173311,-0.293,-0.228,198,AAUGAUGCC
CTGGACTGCAGACACCGCTGCACACGCCGAGTTCAGTATTTGCCCCCAACGGACGTGTGAGGTCGGTTATACAGGCGATGAAGCGAGTCCCTAGCCACC,3.8501476017100584,1.5043095,198,198,4.182942810003719,4.110873864173311,-0.293,-0.228,198,AAUGAUGCC
CTGCCCCACCCCCGCCGATGGGCCGGCCCGGCTCTCCCTGCCGAGAAATGGGCCGGCCCGGCTGCGCGCGGGCAGCAGCGGTGGCGGCGGCTAGCCACC,3.367295829986474,1.5551748,198,198,4.182942810003719,4.110873864173311,-0.293,-0.228,198,AAUGAUGCC
CTATCATGATGGCATTTAATACCTGATATGAAAAAACTAATGGCTTTGGTTTACTTTTTTCCCTGATTTAGGAGCTGTGACTGATGAGAACTAGCCACC,4.189654742026425,2.310536,198,198,4.182942810003719,4.110873864173311,-0.293,-0.228,198,AAUGAUGCC
CTACATTAGTTCACAGGAACTGATTGGCATAGACTATCAGCCCTCTAGCTTATCTTAGTAATCCGCCTTTGACGTTGGTCGATGGTTGCGCTAGCCACC,4.31748811353631,1.5689832,198,198,4.182942810003719,4.110873864173311,-0.293,-0.228,198,AAUGAUGCC
TGGGCGCCGCCTCCCGCCCCGCCGCCTCGGAAGCCCCTGAGAGCCGGCAGATGGGGGGCTTTTAGCCACGGTCTCTGGTCTGATGAAGCACTAGCCACC,4.110873864173311,1.2315058,116,116,4.293719227757237,4.110873864173311,-0.292,-0.303,116,CGCCCGCCC
CAGGTACCCCTCAAAACCCGGAAACGCCTTGCGGGGCAGTGTGGGAGGGAGAAGTCCAGGGCGGACAGGCTGGGCGCACCCGTGCTCGCGCTAGCCACC,3.332204510175204,1.0993744,116,116,4.293719227757237,4.110873864173311,-0.292,-0.303,116,CGCCCGCCC
GTACGCCTCGTTTACAAGTGGATGCGGGCGGGACTGAGGGCGGCCCCGCCCCGTCCAGGGCTTCCTCAATGCGCGTGCGCAATGGGCCACCTAGCCACC,4.882801922586371,2.0496626,198,198,4.182942810003719,4.110873864173311,-0.293,-0.228,198,AAUGAUGCC
CCTTAGGGCTTCACCAGGCGTCAGTAGTCTCGGCAGGATGGTTGGGACAGGCGAGGCACGGTGCTCACCTGGGCTGCTCTCTTCTCCCCACTAGCCACC,3.58351893845611,1.619832,198,198,4.182942810003719,4.110873864173311,-0.293,-0.228,198,AAUGAUGCC
CCTAGATGATTGCTTACTCCAATTTGGTACATTCAAGAAGTCCCCGAGCAGAACTGAATTGCAGGCGTTTCTTCACAGCTGGGGAGCATACTAGCCACC,3.6375861597263857,1.5371057,198,198,4.182942810003719,4.110873864173311,-0.293,-0.228,198,AAUGAUGCC
CCGGCCGGGGAGGTGCAGGAGACGTGGGAGCCAATGGGCACGCTCGGGGGAGCCGGGCTGGCGGCGGCGGTGGCGGCCGGCTGGGCGCGCCTAGCCACC,3.9889840465642745,1.7967005,198,198,4.182942810003719,4.110873864173311,-0.293,-0.228,198,AAUGAUGCC
AAGTTTATATATAGCAAATAAAATTACTTGTTAATGGTTTCCTTTTTTCCAGCATCTCCACCCCGAGGTGGTTTGAACTTTGAGCCTTTTCTAGCCACC,4.454347296253507,1.5682392,198,198,4.182942810003719,4.110873864173311,-0.293,-0.228,198,AAUGAUGCC
ACATTTTTTTTTGGCTTAACAAAACATCAAACGGCATACAAATGATGGGACTGTCTAGTTGCAGGAAAACAAGCTCAGGCCTCCTGCTGACTAGCCACC,4.844187086458591,2.466471,198,198,4.182942810003719,4.110873864173311,-0.293,-0.228,198,AAUGAUGCC
ACCGGATGAAGCAGACTGGAGACACAAGTGGAGAAAACCTCCAGCTGGCAAATCCTCAGAGTGTAGGCCTCTGGCTGCCAGTCCTGCCCACTAGCCACC,3.6109179126442243,1.5632075,198,198,4.182942810003719,4.110873864173311,-0.293,-0.228,198,AAUGAUGCC
AGATGTGCATGTCGCTCTGTATATCAACGTGGTCGGACGAGATGATGACACGAGTCCTTGCAGCGACTTGCAAATTAGTACACGAGGTTCCTAGCCACC,5.204006687076795,2.013589,198,198,4.182942810003719,4.110873864173311,-0.293,-0.228,198,AAUGAUGCC
AGTAGAATCCACTTCTATCCACAACATACTGATTTTTGCTCTGGGGAAGAAGAGAGTTTAGATGATGCTCCAAGTATTGATCTGCCTTGGCTAGCCACC,3.5553480614894135,2.0943263,198,198,4.182942810003719,4.110873864173311,-0.293,-0.228,198,AAUGAUGCC
ATAAGACGAGAAACTCATGCTTAGAATGATGAAACCCACGATGTGTTTCAGAGAACAGTGTCCTACAACCTAAAGGCATACAAAGCGCACCTAGCCACC,4.143134726391533,2.2528918,198,198,4.182942810003719,4.110873864173311,-0.293,-0.228,198,AAUGAUGCC
ATTAATTTGGATTTATCCCCCCTGGATAGCTTGGAGTGATCCGCAGCCTTCCAATGAAGCCAGAACGGAAAGGGCAAGGTCGGGACATACCTAGCCACC,4.867534450455582,1.7882063,198,198,4.182942810003719,4.110873864173311,-0.293,-0.228,198,AAUGAUGCC
GCCGGTGTGAACGTCGGACTTCAATTCCCACAATGCCTGGCGCAAACGCCTAGTTTTGGCCTGGGTAACCGAGAGGTGACCGCCATCTTGCTAGCCACC,3.970291913552122,1.4705771,198,198,4.182942810003719,4.110873864173311,-0.293,-0.228,198,AAUGAUGCC
CCCTTTAACTCGGCAGCTTGATGACTATAATGGGCCCAGTTGTCTGCGGGCTGCGGGGAGCTAAGTCCCCAGATTGGAGGAGGCTGGCTCCTAGCCACC,4.90527477843843,1.8253877,198,198,4.182942810003719,4.110873864173311,-0.293,-0.228,198,AAUGAUGCC
TTTTCCTCAAACCTCAGCGTGTTAAAACTCGGGTTCCAGATCTTGATGATTCAAAATGAGGACCTAGCCAACTTCTCTGAACCTCTTAAGCTAGCCACC,4.770684624465665,1.6320664,198,198,4.182942810003719,4.110873864173311,-0.293,-0.228,198,AAUGAUGCC
TCGGGGAGGGGGCGGCGGCAGCGGGCGGACGGCCGGCGGGGGCGGCGTGCGGCCTAGCGTCTCAGAGTGCCTGGTGAAGAATGTGATGGGCTAGCCACC,3.9318256327243257,1.4575127,198,198,4.182942810003719,4.110873864173311,-0.293,-0.228,198,AAUGAUGCC
CCATTTGCCTTCCTGGAATCCTGCTGCATCACAGAAGCTGGAAGTTCTGATGTTCCACTGAAATCACAATGGAAAGTCTTGACTTGACTGCTAGCCACC,4.31748811353631,1.4473033,198,198,4.182942810003719,4.110873864173311,-0.293,-0.228,198,AAUGAUGCC
TGATGTTGGCACTAAAAATAAAATATAATAGTAATGATGATTTTTAGAGCACATATTATGTGTATTTCATTGACATTATGTCTCATTCAACTAGCCACC,3.295836866004329,2.0696826,198,198,4.182942810003719,4.110873864173311,-0.293,-0.228,198,AAUGAUGCC
TGCTTTATACAGTAGGATAACTTGTGAAGAATTCTCGGATTCCACCATACATAATGATGAACATAGGTGAGTGCTTTCTGGCCGAAGCATCTAGCCACC,3.9889840465642745,2.2528918,198,198,4.182942810003719,4.110873864173311,-0.293,-0.228,198,AAUGAUGCC
TGGAAGGAGGGGACAGGTGGGCGCATTGATCACAGGCCTGAAAGTCACTGCGCGCTCTTCTCGCCCGAAGCCGCAGGTGGCTGCGATGGGCTAGCCACC,4.127134385045092,1.4575127,198,198,4.182942810003719,4.110873864173311,-0.293,-0.228,198,AAUGAUGCC
TGGCTGATGCTGAATGAGCCCCTGTTTGTGAAATGACCCAGAACTCTTAGTCTGCTCAGGACCTTCCTTCAGAGGGTCGCGCACGCTTGTCTAGCCACC,5.204006687076795,1.4494193,198,198,4.182942810003719,4.110873864173311,-0.293,-0.228,198,AAUGAUGCC
TGTTATGATCAGCACAACCTTGTTGCATGCCAGATAAATGATCAGATATTCTATAGAGTAGTTGCAGACATTGCGCCGGGAGAGGAGCTTCTAGCCACC,5.545177444479562,1.7419091,198,198,4.182942810003719,4.110873864173311,-0.293,-0.228,198,AAUGAUGCC
TTGTCCTCTGAGGATGATCAGAGTATTGATGATTCTACTCCTTGCATATCAGTTGTTGCACTTCCACTTTCAGAAAATGATCAGAGCTTTCTAGCCACC,4.804021044733257,1.5640424,198,198,4.182942810003719,4.110873864173311,-0.293,-0.228,198,AAUGAUGCC
TTTCGCACTCTTTTGATCCCAAGCCTTGAATGGTTACAAGCTGCGGCGAGATTCATTCAAGGCGTAAGTGTTCGCATTTGGCTAATACACCTAGCCACC,3.912023005428146,1.491029,198,198,4.182942810003719,4.110873864173311,-0.293,-0.228,198,AAUGAUGCC
TCCTAGGGCGCGTGCCTTAGGGCTATCCAAATTGTGGAGCTCAGGGGGACTTGCAAGACCCCTGTCTCAGCTCGGGCATGGGCCCGCTACCTAGCCACC,3.8501476017100584,1.7069525,198,198,4.182942810003719,4.110873864173311,-0.293,-0.228,198,AAUGAUGCC
CGTGTCCCCCCCGCGGGGGGCGGCCCTTGAGGGCGGCGCTTCCGGTCGGCGGAGCCTGGTGGCCGCAGCGGCGGTGGCGACGACGGCCGACTAGCCACC,3.713572066704308,1.0875386,196,196,4.184277670221607,4.110739473633596,-0.192,-0.189,196,GCCAGGCCG
AGCGACGACACCCGTTCGGCCCCCGCTATTCCGGCCGGATCTAACAGCGACTTCTTACACTCCCGCGCAGCTCGTCTTAGAATCCCAGCTCTAGCCACC,4.0943445622221,1.1453793,196,196,4.184277670221607,4.110739473633596,-0.192,-0.189,196,GCCAGGCCG
AGCTCTGGTGCTGAAGAGAGCACTGCCTCCAGCTGCCAGGGGCCGTGGGCAGCGCCGCTTCCGCGCCAGGACGCCCGCCGGACCCCGAGCCTAGCCACC,3.332204510175204,1.0777708,196,196,4.184277670221607,4.110739473633596,-0.192,-0.189,196,GCCAGGCCG
CCCTCCCCCGCGCCTGTGTCCCCAGGGCGCAGGGCCGCGCGTCCAGCCCCAGACCCGCCGGGGTCCCTGGGGACGCGCCAGCCCGGCAGTCTAGCCACC,4.30406509320417,1.1802856,196,196,4.184277670221607,4.110739473633596,-0.192,-0.189,196,GCCAGGCCG
CGGCGCGGGAGCTGAGCATCGCCAGGGCGGGCGGCAGGGCGCGGCCTCTCCGCCGGGTGTACCACCTGTCGCGGCGCGAGACCTCTGGTGCTAGCCACC,3.970291913552122,1.1985923,196,196,4.184277670221607,4.110739473633596,-0.192,-0.189,196,GCCAGGCCG
AGAAGGAGGTGGTCAAGGAACGGAAGCCGGGAGGGAACGAGGGCGGAAGCGGACCAGGGCCAGGCTTGTGTTCGCAGCCTTGCCGGGGCTCTAGCCACC,4.74493212836325,1.1307124,196,196,4.184277670221607,4.110739473633596,-0.192,-0.189,196,GCCAGGCCG
GAAGTACGGCCAGGACGTGCGGCCTGTAGAGGCCGGTACCTTTTCGGTCTAGGGCCCATTCCTGTCCGCCCTCGGCGGACCAATCTGACGCTAGCCACC,5.25227342804663,1.0777708,196,196,4.184277670221607,4.110739473633596,-0.192,-0.189,196,GCCAGGCCG
GATAGCAAAACCTGATCTCATAAAACCTAGGTCACAAAGGACAGCCCTGCAAAACAGACCCTATTTGGATCAAGTGAGCCAGTTCCTGGACTAGCCACC,3.5553480614894135,1.1786392,196,196,4.184277670221607,4.110739473633596,-0.192,-0.189,196,GCCAGGCCG
GATCTTTTCGAAAGCAGTGTTGGCTCCATCAGGAAACTAAAGTTTGTGGTCAAAACATCACTTCTTTATTAGAAGGCCCTACAATTCTCTCTAGCCACC,4.7535901911063645,1.1458378,196,196,4.184277670221607,4.110739473633596,-0.192,-0.189,196,GCCAGGCCG
GGGGCCCATCTGGAGCAGTGTCTAGTAGCCTGCCGCGCTGGGCGGGAGGGCAGCGCCTGAGCAATTCTTCTGACCTCAGTGACCGAAGGACTAGCCACC,4.127134385045092,1.1895108,196,196,4.184277670221607,4.110739473633596,-0.192,-0.189,196,GCCAGGCCG
TCTCGCGTGCCAGGGCGTGTTGGTGGACGGAGGGTAGAGGTCGCGGGACAAGCGTCCCGCGAAGTACTCCTCGGCTCATTCACCCTAAGGCTAGCCACC,3.4657359027997265,1.1985923,196,196,4.184277670221607,4.110739473633596,-0.192,-0.189,196,GCCAGGCCG
ACGACACGCAGCCGAGGTGGGTGGGTGTGGGGACGCGGGAGCCAGTGTCGTCGGATCGGCCCGCAGTCCGCTGTCCTGCTGAGCCCGGAGCTAGCCACC,4.897839799950911,1.1347193,196,196,4.184277670221607,4.110739473633596,-0.192,-0.189,196,GCCAGGCCG
TTTTCTTAGAAATGGGACAGCAATAATGAAACATAATTTCTTTATGGACTTATAACCTACTGCTTTTTTGTTAGTTCTGTAGAAATCCTGCTAGCCACC,3.5263605246161616,1.38754,57,57,4.260523072825886,4.02535169073515,-0.358,-0.319,57,AUGAUGGCC
TAGATTCAGCAACTCAGTCTTAGCCTTACAACTTTAGGCAGGCCTGCGCTCAAATATGGCAACACAACTGGAAATTTGACCAGATATCCACTAGCCACC,3.7376696182833684,1.4166539,57,57,4.260523072825886,4.02535169073515,-0.358,-0.319,57,AUGAUGGCC
CATGGTTGTGCAAGGAAATTAAAATGTCGAAGCCTGACGAGCGTTTTGTATCCCTGTGGAATACATGACATTTATCAGGTGCGATGGAAGCTAGCCACC,3.9889840465642745,1.5958569,57,57,4.260523072825886,4.02535169073515,-0.358,-0.319,57,AUGAUGGCC
TATTGATTAAAGATTTGATTTCTTCCTTTGCCTAAAGTTAATGATGTTTTAGTGTAAAAGCCTTTAATAATTTCCCTTTTCACTCCAAATCTAGCCACC,3.6109179126442243,1.6506835,57,57,4.260523072825886,4.02535169073515,-0.358,-0.319,57,AUGAUGGCC
TAGTCAATTTTGGATCGCTTTGACTTCTCCAACACGGTTTGGCATCTCTGAAACCTTGAGAACTGTGATGGGCAGTGGAAAGAAGAGGGACTAGCCACC,3.9512437185814275,1.4450823,57,57,4.260523072825886,4.02535169073515,-0.358,-0.319,57,AUGAUGGCC
TAATTCGGGGCCACAGATGCTTAACGCTCTACGCAATAATACTCCAAGAAACCGAGCGTCCCCTGTAATGGCCCACCCCCGTGCCCCGGTCTAGCCACC,5.1298987149230735,1.5548855,57,57,4.260523072825886,4.02535169073515,-0.358,-0.319,57,AUGAUGGCC
GTGGGGGAGGCTGGACGTTGAAAAATGCACAGCCCGAGGTGGTAAACACGTGTCCCTTCCCATCCCTCTATCGTTCGCTCCCCCGATTTTCTAGCCACC,3.713572066704308,1.3731879,57,57,4.260523072825886,4.02535169073515,-0.358,-0.319,57,AUGAUGGCC
GTGATGGGACCACCGACGGCTCTATTGCCAAGGCAGACTGCTATGTGGTTCCCCTCCGTCTGACGAGGGCAAAAGGCGGCTCTCGCAGCGCTAGCCACC,4.356708826689592,1.4454651,57,57,4.260523072825886,4.02535169073515,-0.358,-0.319,57,AUGAUGGCC
GGGCCGGAGCCGCGGCGGCGGAGCTGTGGATCCTTCATGATGAGAGATTTGGGGACACTTCTCTCTCCTGTGTGTAGTTGATAGTTTGGTCTAGCCACC,5.902633333401366,1.5172521,57,57,4.260523072825886,4.02535169073515,-0.358,-0.319,57,AUGAUGGCC
GGAACAGCAAAATGGCGCCAGAACTAGTGGCGGGCTGAGGACGCCGTACCCCTCGGAAGGCAGCCCTGCGGTCCCTTTGCCGCCCGTTCCCTAGCCACC,5.267858159063328,1.4433424,57,57,4.260523072825886,4.02535169073515,-0.358,-0.319,57,AUGAUGGCC
CTCAGAACGGCGGTGATGGCGGCAAATTGTCGTCGGCCCCAGCTCTTTGGCCAGGCCGACGTAAGTTTATGTAGCTATCTCCTACACTGCCTAGCCACC,4.174387269895637,1.3481092,57,57,4.260523072825886,4.02535169073515,-0.358,-0.319,57,AUGAUGGCC
CCCGGCGCGGCGTCAGCCCGTGTACCTGGTACATGATGCCTCCTTGCAGCGGCTGATCACTACCTAAAGTTTCCGCTGCTGGTACCTTCTCTAGCCACC,4.584967478670572,1.3955902,57,57,4.260523072825886,4.02535169073515,-0.358,-0.319,57,AUGAUGGCC
GCACATGGATTCACATAAACTGAATGGTGTAATGTCTGGGCAACCAAAACTGTTGGCTTTTGAGAAAACTGTCAAATACTTTAACATCAACTAGCCACC,4.007333185232471,1.7229363,57,57,4.260523072825886,4.02535169073515,-0.358,-0.319,57,AUGAUGGCC
CAGGACGAACAATGGCTTTTAGCATGTAGGAACAGAGAAGCGGTGGAGAGAGATTAGCTTGTATCTGTCAGAGATATCGGAGAATCTGACCTAGCCACC,4.2626798770413155,1.4104853,57,57,4.260523072825886,4.02535169073515,-0.358,-0.319,57,AUGAUGGCC
CAAGAGGCTCGCGCGGAAGCCTAACCCTGGGCGAAAGAAATGTCAAAGCTGGACATGGTCGCGTTTGGCTACTTCTGAAACGCTACCAGACTAGCCACC,3.9889840465642745,1.4823397,57,57,4.260523072825886,4.02535169073515,-0.358,-0.319,57,AUGAUGGCC
ATGATGACTCGGGGACCCGTCCTCCTTGGTAGGTCTACAAGTAAAGACAAGGAGCCCCAGCATCTCGGCCGAGTGCGTTCGCCAGATCTGCTAGCCACC,4.02535169073515,1.5801024,57,57,4.260523072825886,4.02535169073515,-0.358,-0.319,57,AUGAUGGCC
AGTGGTAGGGGAGATAGTGCTTGGTGATTCCGAGCGAGGAGGATCATCCGTGACGCCTAAAATGAAAATGTAGTAAGGCGCGATCCCCATCTAGCCACC,4.499809670330265,1.3943684,57,57,4.260523072825886,4.02535169073515,-0.358,-0.319,57,AUGAUGGCC
AGCGCTTCATTCACGAAAATCGGAGGCTCTCTATTGCGCAGCGTTCTCTAACAAAAGTGGCAGATGTCTCCGAGCTCTAAGCATAGTGCTCTAGCCACC,5.017279836814924,1.3520341,57,57,4.260523072825886,4.02535169073515,-0.358,-0.319,57,AUGAUGGCC
AAGATGGCCTCCGCGAGAGGAGGAACCGGAAGCGTGGGTCTGGCGGCTGCACCGGTTCGCGGTCGGCGCGAGAACAAGCAGGGTGGCGCGCTAGCCACC,3.6109179126442243,1.4425673,57,57,4.260523072825886,4.02535169073515,-0.358,-0.319,57,AUGAUGGCC
TTGAAAGATGTCCCTCTGCAGCCGCGGTAGCCCAGCCGGAAGTGCCGCCTGCCACGTCCACCGTGCGGCAGGGGCGGGGCTGGGATCCAACTAGCCACC,4.143134726391533,1.4622952,57,57,4.260523072825886,4.02535169073515,-0.358,-0.319,57,AUGAUGGCC
CAGCGAGGTCTTTCGGCCAGAGGAAAGGGGCTCAATAAACACCCACGCCCCCTCTAGAAATGGGAACGTTAGTCTAGGGGTGTAGGAGCGCTAGCCACC,3.970291913552122,1.38754,57,57,4.260523072825886,4.02535169073515,-0.358,-0.319,57,AUGAUGGCC
CCTGGGCACCCAAGCCGGGGTCTAGCAGGGGGCCAGCAGCCAAGGGGCTGGGGCAGGAGACAGATCAGGGCCCACCTCCCTGCCAGGGAGCTAGCCACC,5.225746673713202,0.930411,226,226,3.9832611581155524,3.7087902012072718,-0.17,-0.197,226,CGCCGACCA
GAGAGGGGTACCAGGGACAAACCCTAGACAGACGGCCCTGTCCACGGTTGCTCCTGCTCTCCTAGGAGGCCCCGTGTGGGCCGCGGCCCGCTAGCCACC,3.4011973816621555,1.0632609,226,226,3.9832611581155524,3.7087902012072718,-0.17,-0.197,226,CGCCGACCA
GACAGGTCGGGCCCCCTAGGCAGCGAGCCGCAGCGCAATCCCGGCGCTCGCCCAAGGACCCTGGAAGCTACCGTTACCCCGCCGGGCAGCCTAGCCACC,3.58351893845611,0.92145807,226,226,3.9832611581155524,3.7087902012072718,-0.17,-0.197,226,CGCCGACCA
GAAGTCACGGCGGAGGGGCGGGGGCGGGGCCGCGCCCACCAGACGAGCCATCGGTCACGCGGGGCCCAGCTGGACTGCCGCGGGGGATTCCTAGCCACC,3.367295829986474,1.0551778,226,226,3.9832611581155524,3.7087902012072718,-0.17,-0.197,226,CGCCGACCA
CCCCTCGGGGCCCCTCCCGAGACCACGCCCCTTCCGCGGCCGTTGCTCCGCGCTTCTGCTTCCGGCGGCGCTGGTGGTGGCGCGCGGCGCCTAGCCACC,3.6109179126442243,1.0028869,226,226,3.9832611581155524,3.7087902012072718,-0.17,-0.197,226,CGCCGACCA
CCTGCAAGTTGGGGCCCAAGGCAGGGGAAGGATCCGGCAAAAAAGGCACACGGTTCAGGCCTGTCCACTCCAGCCTTGGGAGGAGGTGAGCTAGCCACC,3.295836866004329,0.937216,226,226,3.9832611581155524,3.7087902012072718,-0.17,-0.197,226,CGCCGACCA
ACAGTGGATAGGTGCCCGAGGCCTACAGCTGGCCTGGGGCTCGTGTCTGGGCTTCGGACGTTGGGGCCCGGTGGCCCACCCTTTCCGTAGCTAGCCACC,5.043425116919247,0.9693066,226,226,3.9832611581155524,3.7087902012072718,-0.17,-0.197,226,CGCCGACCA
AGGGGAGGAGGCGATCCCGGGGCTGGGCACTGAGCTCTTGGGCGCCCCCACCCCCGTTTTCGAAGCCCTCCACGCTGCGGCCGCTATCCCCTAGCCACC,4.6913478822291435,0.9126466,226,226,3.9832611581155524,3.7087902012072718,-0.17,-0.197,226,CGCCGACCA
GTTTCTTGGAGGCTGTGTGCAAGCTGGCCAGGGTGCTTCAGCCCCACCACGCCGCGCTTCCGAACCACCGGAGTGTCAGTCGTCAGGTAGCTAGCCACC,3.8066624897703196,0.985635,226,226,3.9832611581155524,3.7087902012072718,-0.17,-0.197,226,CGCCGACCA
TCCGCGTCCCCGCCCGCCAGCTGCTGTCGGAGGTTGACAGGTCGAGGCGGGGAGGCGGCGGCGGCGGCTGCAGAGCCAGGCGCCCAAGACCTAGCCACC,3.8066624897703196,0.9843096,226,226,3.9832611581155524,3.7087902012072718,-0.17,-0.197,226,CGCCGACCA
CCACCGTCACTTCCTGCTGAGAGGCCAGGGCCCCCCACACCTGCTGCGGCCCACAGCATCCCCTACAACAGCTGCAGAGAGAAGGAGCCACTAGCCACC,3.6635616461296463,1.0783455,181,181,3.6635616461296463,3.6635616461296463,-0.029,-0.024,181,AGAAAAAGA
AGCGTGATAAGGTACTGGGTAAGTAGCACAGGCCGCAGCCTCCACTAGGGTCAAGCTGGGCTGAGTGAGGTTAAAACGGCGGTGGGAGGGCTAGCCACC,3.258096538021482,0.93774027,228,228,4.16219573397166,3.5263605246161616,-0.31,-0.326,228,AGCCCCCCC
GGATCTGGTCTTGTTCCCGGAAAACTGGCCGCCTACCCATAGCCAGTAACTCGGAGGCAAGGTTGTCAGGGAAAAGAGGCTCTTGTGGTTCTAGCCACC,5.241747015059643,0.9288253,228,228,4.16219573397166,3.5263605246161616,-0.31,-0.326,228,AGCCCCCCC
GGTTGTTGGCCTGAGGGGAGCTACGTAGCCGAGGTTTGCGCTGCCGCCGCCAGGCCCGGTCCGGTTCCAGCCTCTGCCCGGACGCTAGCCCTAGCCACC,3.295836866004329,0.8971099,228,228,4.16219573397166,3.5263605246161616,-0.31,-0.326,228,AGCCCCCCC
TACTCGTCGTCCACCTCCAGCTCGCGTAAGAGTAAAGTGCAGCCTCTCCAGACACTGGGGGCCGCCGCTGTCCGTACCTGCCGCCGCCGCCTAGCCACC,5.488937726156687,0.9238711,228,228,4.16219573397166,3.5263605246161616,-0.31,-0.326,228,AGCCCCCCC
TCGGGGGCGGGAGCTCGGCGAGGCGCCACGTCAGGGGCGGGCCCGGCGCGCGCGGGAAGTCTCTGTAGGGCGGCCGGCTACCCTCAGCCGCTAGCCACC,3.5263605246161616,1.0004923,228,228,4.16219573397166,3.5263605246161616,-0.31,-0.326,228,AGCCCCCCC
CACTCTAGCCGGGCTCAGAGAGACCGCAGTCTCGTTGCTCCTGGCTTGACGTCATCGGCAGGCGCCGCAGCGCAGTGGCGGGCACGCGCACTAGCCACC,5.123963979403259,1.0945795,155,155,3.9103888762897197,3.525927811477947,-0.032,-0.046,155,AUCCAGACC
TGTTGCGAAAGAACCGCGGTGGTCTAAGGGCTGGGTCCTGGTCAACTATATCGTTAATAAAACGGGTGAGGCACACATCCTTACACTGGGCTAGCCACC,3.5553480614894135,1.1389793,155,155,3.9103888762897197,3.525927811477947,-0.032,-0.046,155,AUCCAGACC
GGGCGTGGCCAAGCGCACCGCCTCGGGGCGGGGCCGGCGTTCTAGCGCATCGCGGCCGGGTGCGTCACTCGCGAAGTGGAATTTGCCCAGCTAGCCACC,3.4657359027997265,1.0874567,155,155,3.9103888762897197,3.525927811477947,-0.032,-0.046,155,AUCCAGACC
ATCGCGGCTCAGGCTGCGGGAAAGCGGTGCGCGTGCAGCGGGGTGGGTGCCCTGGTCCGCGGGCGAGCTCGAGCAGCCAACCCCGGGCGCCTAGCCACC,3.4965075614664802,1.0169631,155,155,3.9103888762897197,3.525927811477947,-0.032,-0.046,155,AUCCAGACC
GGGAGCCCGCGAGGGGGCGCGTGTTGGCAGCCCAGCTGTGAGTTGCCCAAGACCCACCGGGGGACGGGATCTCGCTCCCCGCGCCACGAGCTAGCCACC,4.1588830833596715,0.9159839,40,40,3.583061377185453,3.332204510175204,-0.146,-0.175,40,CCGCCAUCA
AGGGTCTAACAGCGGCTGCATTTGAGCGGTGTGGCAGGGTCTGCGGGTTCAGGCGCTCACTTCCCACGGCGACTAACGGAGCGCCAACTGCTAGCCACC,3.258096538021482,0.9999284,40,40,3.583061377185453,3.332204510175204,-0.146,-0.175,40,CCGCCAUCA
AGGAGCGCCGACTCTGGAGCAGCCGGAGCTGGAAGAGGAGGAGGAGGAGAGGCGGCGGGGAAGGAGGAGGAGGGGGAGAGTCGCTCCCGCCTAGCCACC,3.332204510175204,0.85017496,40,40,3.583061377185453,3.332204510175204,-0.146,-0.175,40,CCGCCAUCA
